{
  "timestamp": "2026-03-16T04:04:57.147894",
  "trade_returns": [
    -0.1601382552979456,
    -0.10847680454926376,
    0.21293441492171483,
    0.13573301614017,
    0.5220110298454641,
    0.4755343780581737,
    -0.006260276638725533,
    -0.08004375765513559,
    0.5145903695434839,
    -0.058963179038459504,
    -0.21422216549944323,
    0.20107959484392124,
    0.06416664525137263,
    -0.05959037325587088
  ],
  "p5": 65.71,
  "p50": 65.71,
  "p95": 65.71,
  "prob_profit": 100.0,
  "max_dd_median": 12.9,
  "max_dd_worst95": 20.2
}